{"mape": 0, "mae": 0.013406286153849567, "mse": 0.022125043069129043, "rmse": 0.1487448925816582, "r2": 0.9804394462416163}