{"rmsse": 31.828199924582808, "mase": 21.88297294402935, "mape": 0, "mae": 1.4486808150264925, "mse": 2.1070675691783154, "rmse": 1.4515741693686601, "r2": -418.1389311380619}