{"rmsse": 0.11894582113668085, "mase": 1.1935912050323048, "mape": 0, "mae": 0.07895602875284072, "mse": 0.007872972150107975, "rmse": 0.0887297703710991, "r2": -0.5660955444171267}